{
  "DetectedText": "MISSION SUMMARY",
  "Type": "LINE",
  "Id": 0,
  "Confidence": 99.7650146484375,
  "Geometry": {
    "BoundingBox": {
      "Width": 0.1470395177602768,
      "Height": 0.031228791922330856,
      "Left": 0.14178267121315002,
      "Top": 0.05762305110692978
    },
    "Polygon": [
      {
        "X": 0.14178267121315002,
        "Y": 0.05762305110692978
      },
      {
        "X": 0.288822203874588,
        "Y": 0.05758830904960632
      },
      {
        "X": 0.2888250946998596,
        "Y": 0.08881709724664688
      },
      {
        "X": 0.14178556203842163,
        "Y": 0.08885183930397034
      }
    ]
  }
}